Name,Address,Location
"
マイチャミー民善商店
",東京都中央区日本橋蛎殻町1丁目15-7,"{'lat': 35.6834337, 'lng': 139.7827901}"
"
リーベンハウス住友ツインビル店
",東京都中央区新川2丁目27-1,"{'lat': 35.6735923, 'lng': 139.7844476}"
"
cisca日本橋本町店
",東京都中央区日本橋本町3丁目1-8,"{'lat': 35.6882531, 'lng': 139.7746266}"
"
リーベンハウス 日本橋店
",東京都中央区日本橋2-7-1 東京日本橋タワー B1F,"{'lat': 35.6819079, 'lng': 139.7744024}"
"
NEWDAYSMINI(ニューデイズミニ) 馬喰町1号店
",東京都中央区日本橋馬喰町1 馬喰町駅コンコース西口側,"{'lat': 35.6938839, 'lng': 139.7831098}"
"
NEWDAYSMINI(ニューデイズミニ) 新日本橋1号店
",東京都中央区日本橋室町4 新日本橋駅コンコース,"{'lat': 35.6871555, 'lng': 139.7735707}"
"
セブン-イレブン 八重洲地下街店
",東京都中央区八重洲2-1 八重洲地下街内,"{'lat': 35.6805011, 'lng': 139.7690607}"
"
コミストキッチン 新川一丁目店
",東京都中央区新川1-3-10,"{'lat': 35.6783019, 'lng': 139.7816344}"
"
Fork Talk 八重洲通り店
",東京都中央区日本橋3-4-15 八重洲通ビル1F,"{'lat': 35.6799628, 'lng': 139.7708389}"
"
ポプラ 茅場町店
",東京都中央区新川1-8-3 アムール新川,"{'lat': 35.6779759, 'lng': 139.7827751}"
"
ポプラ 勝どき店
",東京都中央区勝どき2-9-12,"{'lat': 35.6591952, 'lng': 139.7781377}"
"
生活彩家 新川ダイヤビル店
",東京都中央区新川1-28-38 東京ダイヤビルディング1号館1F,"{'lat': 35.6755606, 'lng': 139.7838542}"
"
生活彩家 浜離宮三井ビル店
",東京都中央区築地5-6-4,"{'lat': 35.662664, 'lng': 139.764903}"
"
ローソン 日本橋浜町二丁目店
",東京都中央区日本橋浜町2-15-5,"{'lat': 35.6876049, 'lng': 139.7862885}"
"
ローソン 勝どき四丁目店
",東京都中央区勝どき4-2,"{'lat': 35.6579213, 'lng': 139.7759112}"
"
ローソン 日本橋蛎殻町店
",東京都中央区日本橋蛎殻町1-1-1,"{'lat': 35.6806615, 'lng': 139.7835007}"
"
ローソン 勝どき二丁目店
",東京都中央区勝どき2-15-1,"{'lat': 35.6581183, 'lng': 139.778556}"
"
ローソン 新富一丁目店
",東京都中央区新富1-7-17,"{'lat': 35.6726289, 'lng': 139.7737544}"
"
ローソン 日本橋三丁目店
",東京都中央区日本橋3-5-11,"{'lat': 35.6789993, 'lng': 139.7730127}"
"
ローソン 銀座八丁目店
",東京都中央区銀座8-4-9,"{'lat': 35.6688588, 'lng': 139.759704}"
"
ローソン 入船店
",東京都中央区入船2-10-7,"{'lat': 35.6712717, 'lng': 139.7776505}"
"
ローソン 日本橋茅場町店
",東京都中央区日本橋茅場町2-13-11,"{'lat': 35.67889, 'lng': 139.7797987}"
"
ローソン 八重洲一丁目店
",東京都中央区八重洲1-3-7,"{'lat': 35.6828476, 'lng': 139.7718577}"
"
ローソン 晴海トリトンスクエア店
",東京都中央区晴海1-8-16晴海トリトンスクエア2F,"{'lat': 35.6574133, 'lng': 139.7825138}"
"
ナチュラルローソン 東京日本橋一丁目店
",東京都中央区日本橋1-7-9,"{'lat': 35.6831456, 'lng': 139.7755607}"
"
ローソン 八重洲中央口店
",東京都中央区八重洲2-1 八重洲地下街中3,"{'lat': 35.6793979, 'lng': 139.7710436}"
"
ローソン 築地五丁目店
",東京都中央区築地5-6-10,"{'lat': 35.6623089, 'lng': 139.7656542}"
"
ローソン 銀座五丁目店
",東京都中央区銀座5-14-10,"{'lat': 35.6683424, 'lng': 139.7667389}"
"
ローソン 八丁堀二丁目店
",東京都中央区八丁堀2-24-2,"{'lat': 35.6764, 'lng': 139.7783056}"
"
ローソン 築地四丁目店
",東京都中央区築地4-8-1,"{'lat': 35.6661823, 'lng': 139.7705593}"
"
ナチュラルローソン 銀座六丁目店
",東京都中央区銀座6-2-1 Daiwa銀座ビル1F,"{'lat': 35.6718639, 'lng': 139.7610151}"
"
ナチュラルローソン 日本橋メトロピア店
",東京都中央区日本橋1-3-11先 銀座線日本橋駅構内,"{'lat': 35.6821193, 'lng': 139.7747086}"
"
ナチュラルローソン 銀座二丁目店
",東京都中央区銀座2-16-12,"{'lat': 35.6709003, 'lng': 139.7702109}"
"
ナチュラルローソン 新川一丁目店
",東京都中央区新川1-24-1,"{'lat': 35.6768144, 'lng': 139.7852001}"
"
ナチュラルローソン 佃二丁目店
",東京都中央区佃2-1-3,"{'lat': 35.670616, 'lng': 139.785298}"
"
ナチュラルローソン 築地東劇ビル店
",東京都中央区築地4-1-1,"{'lat': 35.6676569, 'lng': 139.7686649}"
"
ナチュラルローソン NL新川二丁目店
",東京都中央区新川2-22-1いちご新川ビル,"{'lat': 35.6744861, 'lng': 139.7818996}"
"
ナチュラルローソン NL銀座並木通店
",東京都中央区銀座7-5-10,"{'lat': 35.6695301, 'lng': 139.7610427}"
"
ナチュラルローソン 京橋一丁目店
",東京都中央区京橋1-10-7,"{'lat': 35.6785268, 'lng': 139.7726295}"
"
ナチュラルローソン NL東京スクエアガーデン3階店
",東京都中央区京橋3-1-1-3,"{'lat': 35.6758859, 'lng': 139.7686226}"
"
ローソン H八丁堀四丁目店
",東京都中央区八丁堀4-13-1,"{'lat': 35.6743931, 'lng': 139.7787708}"
"
ローソン H月島四丁目店
",東京都中央区月島4-4-1,"{'lat': 35.6611108, 'lng': 139.783648}"
"
ローソン H銀座三丁目店
",東京都中央区銀座3-8-1,"{'lat': 35.6720975, 'lng': 139.7678648}"
"
ローソン H月島勝どき店
",東京都中央区月島4-16-1,"{'lat': 35.660619, 'lng': 139.780961}"
"
ローソン H入船一丁目店
",東京都中央区入船1-3-1,"{'lat': 35.6728309, 'lng': 139.7764527}"
"
ローソン H新川二丁目店
",東京都中央区新川2-16-10,"{'lat': 35.6750797, 'lng': 139.7825576}"
"
ローソン 日本橋横山町店
",東京都中央区日本橋横山町3-4,"{'lat': 35.6919619, 'lng': 139.7816841}"
"
ローソン H築地三丁目店
",東京都中央区築地3-1-10,"{'lat': 35.669383, 'lng': 139.7744821}"
"
ローソン 八重洲二丁目外堀通店
",東京都中央区八重洲2-6-21,"{'lat': 35.6779844, 'lng': 139.7679086}"
"
ローソン 築地二丁目店
",東京都中央区築地2-15-13,"{'lat': 35.6671533, 'lng': 139.7705384}"
"
ローソン 東京日本橋店
",東京都中央区日本橋1-2-19,"{'lat': 35.6835434, 'lng': 139.7729109}"
"
ローソン 茅場町駅前店
",東京都中央区日本橋茅場町1-10-5,"{'lat': 35.679706, 'lng': 139.779683}"
"
ローソンサテライト 清水建設新社屋店
",東京都中央区京橋2-16-1,"{'lat': 35.6764573, 'lng': 139.7730329}"
"
ローソン 京橋駅前店
",東京都中央区京橋2-4-12,"{'lat': 35.6766476, 'lng': 139.7696684}"
"
ローソン 月島駅前店
",東京都中央区月島2-1-2,"{'lat': 35.6640385, 'lng': 139.7847907}"
"
ローソン 銀座七丁目店
",東京都中央区銀座7-16-14,"{'lat': 35.6666012, 'lng': 139.765234}"
"
ローソン 中央晴海三丁目店
",東京都中央区晴海3-3-3,"{'lat': 35.6549919, 'lng': 139.7806051}"
"
ローソン 日本橋箱崎店
",東京都中央区日本橋箱崎町27-2,"{'lat': 35.6799196, 'lng': 139.7869786}"
"
ローソン 東日本橋二丁目店
",東京都中央区東日本橋2-4-3,"{'lat': 35.6919038, 'lng': 139.7856629}"
"
ローソン 日本橋蛎殻町一丁目店
",東京都中央区日本橋蛎殻町1-11-5,"{'lat': 35.6837968, 'lng': 139.7813566}"
"
ローソン 東京スクエアガーデン店
",東京都中央区京橋3-1-1-1,"{'lat': 35.6760999, 'lng': 139.7683818}"
"
ローソン 日本橋本町二丁目店
",東京都中央区日本橋本町2-3-4,"{'lat': 35.6875279, 'lng': 139.7753176}"
"
ナチュラルローソン 中央銀座一丁目店
",東京都中央区銀座1-13-15,"{'lat': 35.6733973, 'lng': 139.7691918}"
"
ローソン 新富町メトロピア店
",東京都中央区築地1-1-1,"{'lat': 35.6706297, 'lng': 139.772}"
"
ローソン 箱崎湊橋店
",東京都中央区日本橋箱崎町18-10,"{'lat': 35.6800217, 'lng': 139.7851213}"
"
ナチュラルローソン 日本橋二丁目店
",東京都中央区日本橋2-1-21,"{'lat': 35.68275380000001, 'lng': 139.7723742}"
"
ローソン 佃二丁目店
",東京都中央区佃2-2-7,"{'lat': 35.668534, 'lng': 139.7855792}"
"
ローソン 東銀座駅前店
",東京都中央区銀座4-14-11,"{'lat': 35.6689136, 'lng': 139.7684755}"
"
ローソン 人形町駅前店
",東京都中央区日本橋人形町1-4-10,"{'lat': 35.6857951, 'lng': 139.781789}"
"
ローソン 東京銀座ベイホテル店
",東京都中央区銀座7-13-15,"{'lat': 35.667607, 'lng': 139.7637315}"
"
ローソン 京橋エドグラン店
",東京都中央区京橋2-2-1,"{'lat': 35.677464, 'lng': 139.7694431}"
"
ローソン 銀座四丁目昭和通店
",東京都中央区銀座4-11-2,"{'lat': 35.6702822, 'lng': 139.7681291}"
"
ローソンストア100 LS築地七丁目店
",東京都中央区築地7-11-5中銀ベル築地マンション,"{'lat': 35.665703, 'lng': 139.774408}"
"
ナチュラルローソン 銀座三井ビル店
",東京都中央区銀座8-13-1,"{'lat': 35.6671206, 'lng': 139.7632304}"
"
ローソン GINZA SIX店
",東京都中央区銀座6-10-1,"{'lat': 35.6698717, 'lng': 139.76401}"
"
ローソン メトロス水天宮前店
",東京都中央区日本橋蛎殻町2-1-1,"{'lat': 35.6822626, 'lng': 139.7866962}"
"
ローソン 日本橋茅場町一丁目店
",東京都中央区日本橋茅場町1-13-13,"{'lat': 35.6797182, 'lng': 139.7811744}"
"
ローソン H八丁堀弾正橋店
",東京都中央区八丁堀4-2-2,"{'lat': 35.6744908, 'lng': 139.7734121}"
"
ローソン H八丁堀一丁目店
",東京都中央区八丁堀1-5-1,"{'lat': 35.6777549, 'lng': 139.7759366}"
"
ローソン 築地六丁目店
",東京都中央区築地6-16-1,"{'lat': 35.6638783, 'lng': 139.7739068}"
"
ローソン 東日本橋京葉道路店
",東京都中央区東日本橋2-24-14,"{'lat': 35.6943641, 'lng': 139.7867836}"
"
ローソン 日本橋高島屋三井ビルディング店
",東京都中央区日本橋2-5-1,"{'lat': 35.6813382, 'lng': 139.7737925}"
"
ローソン 馬喰町駅前店
",東京都中央区日本橋馬喰町1-4-14,"{'lat': 35.6929047, 'lng': 139.7813981}"
"
ファミリーマート 八丁堀二丁目店
",東京都中央区八丁堀2-20-1,"{'lat': 35.6758908, 'lng': 139.7768932}"
"
ファミリーマート 人形町駅前店
",東京都中央区日本橋人形町3-13-2,"{'lat': 35.6869857, 'lng': 139.7827223}"
"
ファミリーマート 日本橋小学校前店
",東京都中央区日本橋人形町1-8-4,"{'lat': 35.6845355, 'lng': 139.7827922}"
"
ファミリーマート 茅場町駅東店
",東京都中央区新川1-2-8山京ビル,"{'lat': 35.6788106, 'lng': 139.7826016}"
"
ファミリーマート 銀座三丁目店
",東京都中央区銀座3-11-19,"{'lat': 35.6711254, 'lng': 139.7690114}"
"
ファミリーマート 日本橋かきがら町店
",東京都中央区日本橋蛎殻町1-36,"{'lat': 35.682022, 'lng': 139.7857374}"
"
ファミリーマート 新川二丁目店
",東京都中央区新川2-6-2,"{'lat': 35.6765842, 'lng': 139.781329}"
"
ファミリーマート 日本橋人形町三丁目店
",東京都中央区日本橋人形町3-4-15,"{'lat': 35.6860584, 'lng': 139.7811771}"
"
ファミリーマート 月島三丁目店
",東京都中央区月島3-31,"{'lat': 35.6608355, 'lng': 139.7787071}"
"
ファミリーマート 日本橋堀留町一丁目店
",東京都中央区日本橋堀留町1-10-11,"{'lat': 35.6887466, 'lng': 139.7799192}"
"
ファミリーマート 京王プレッソイン茅場町店
",東京都中央区日本橋茅場町1-3-5,"{'lat': 35.6807469, 'lng': 139.7803304}"
"
ファミリーマート 新日本橋駅前店
",東京都中央区日本橋本町4丁目8-17,"{'lat': 35.6893031, 'lng': 139.7744873}"
"
ファミリーマート 京橋二丁目店
",東京都中央区京橋2-11-3 服部ビル1F,"{'lat': 35.6763435, 'lng': 139.772057}"
"
ファミリーマート 豊海町店
",東京都中央区豊海町5-1,"{'lat': 35.6534916, 'lng': 139.7697817}"
"
ファミリーマート 銀座一丁目店
",東京都中央区銀座1-16-6友泉銀座1丁目ビル,"{'lat': 35.6741443, 'lng': 139.770239}"
"
ファミリーマート 八重洲一丁目店
",東京都中央区八重洲1丁目5-9,"{'lat': 35.681763, 'lng': 139.7713517}"
"
ファミリーマート 日本橋本町店
",東京都中央区日本橋本町3丁目1番1号日本橋TIビル1階,"{'lat': 35.6880208, 'lng': 139.7741122}"
"
ファミリーマート 勝どき五丁目店
",東京都中央区勝どき5丁目10-6,"{'lat': 35.6559786, 'lng': 139.772151}"
"
ファミリーマート 東日本橋二丁目店
",東京都中央区東日本橋2丁目15番5号VORT東日本橋1階,"{'lat': 35.6937454, 'lng': 139.7853655}"
"
ファミリーマート 日本橋日銀通り店
",東京都中央区日本橋室町4-1-6,"{'lat': 35.689095, 'lng': 139.7714753}"
"
ファミリーマート 日本橋茅場町店
",東京都中央区日本橋茅場町3丁目12番2号ASKビル1階,"{'lat': 35.6779197, 'lng': 139.7792363}"
"
ファミリーマート 入船一丁目店
",東京都中央区入船1丁目7-9 リベラ入船,"{'lat': 35.673, 'lng': 139.7781279}"
"
ファミリーマート 八重洲地下街店
",東京都中央区八重洲2丁目1番八重洲地下街北1号,"{'lat': 35.6807487, 'lng': 139.7693538}"
"
ファミリーマート 入船三丁目店
",東京都中央区入船3丁目10-9,"{'lat': 35.6699484, 'lng': 139.7769219}"
"
ファミリーマート 湊二丁目店
",東京都中央区湊2丁目5-4 長井ビル,"{'lat': 35.6709081, 'lng': 139.7792391}"
"
ファミリーマート 銀座木挽町通り店
",東京都中央区銀座5丁目15-1,"{'lat': 35.6686547, 'lng': 139.7676775}"
"
ファミリーマート 日本橋兜町店
",東京都中央区日本橋兜町5-1,"{'lat': 35.6821696, 'lng': 139.7783654}"
"
ファミリーマート 日本橋三越前店
",東京都中央区日本橋室町1-6-1真洋ビル,"{'lat': 35.6850766, 'lng': 139.774693}"
"
ファミリーマート K2銀座八丁目店
",東京都中央区銀座8-6-15,"{'lat': 35.6682117, 'lng': 139.7600872}"
"
ファミリーマート 日本橋本町二丁目店
",東京都中央区日本橋本町2丁目6番7号,"{'lat': 35.6877695, 'lng': 139.7768105}"
"
ファミリーマート 築地五丁目店
",東京都中央区築地5丁目3番1号,"{'lat': 35.6646676, 'lng': 139.7659948}"
"
ファミリーマート 泰志築地店
",東京都中央区築地2丁目5番5号,"{'lat': 35.6691447, 'lng': 139.7735968}"
"
ファミリーマート かぶと町永代通り店
",東京都中央区日本橋兜町1番13号先,"{'lat': 35.683238, 'lng': 139.778066}"
"
ファミリーマート 銀座六丁目店
",東京都中央区銀座6丁目13-16,"{'lat': 35.66902839999999, 'lng': 139.7648742}"
"
ファミリーマート 宝町店
",東京都中央区京橋2丁目9番2号,"{'lat': 35.6768741, 'lng': 139.772296}"
"
ファミリーマート 小伝馬町大門通り店
",東京都中央区日本橋小伝馬町13-7,"{'lat': 35.6911621, 'lng': 139.779608}"
"
ファミリーマート 小伝馬町鞍掛橋店
",東京都中央区日本橋小伝馬町15番14号,"{'lat': 35.6921234, 'lng': 139.7803876}"
"
ファミリーマート 佃二丁目店
",東京都中央区佃2丁目12-12,"{'lat': 35.666703, 'lng': 139.785915}"
"
ファミリーマート フレッサイン銀座店
",東京都中央区銀座7丁目11番12号,"{'lat': 35.6681958, 'lng': 139.7632906}"
"
ファミリーマート 大伝馬町店
",東京都中央区日本橋大伝馬町4-5 凰ビル,"{'lat': 35.6901938, 'lng': 139.7786924}"
"
ファミリーマート 勝どき三丁目店
",東京都中央区勝どき3丁目2-3,"{'lat': 35.6599035, 'lng': 139.7745825}"
"
ファミリーマート 銀座松竹スクエア店
",東京都中央区築地1丁目13-1,"{'lat': 35.66839050000001, 'lng': 139.7694137}"
"
ファミリーマート ホテルインターゲート東京 京橋店
",東京都中央区京橋3-7-8ホテルインターゲート東京 京橋,"{'lat': 35.6755146, 'lng': 139.7708546}"
"
ファミリーマート 月島二丁目店
",東京都中央区月島2丁目14-12,"{'lat': 35.6626513, 'lng': 139.7829095}"
"
ファミリーマート 築地六丁目店
",東京都中央区築地6丁目4-10,"{'lat': 35.6651653, 'lng': 139.7723929}"
"
ファミリーマート 水天宮前店
",東京都中央区日本橋人形町2-1-12,"{'lat': 35.6841242, 'lng': 139.7845917}"
"
ファミリーマート 八丁堀駅前店
",東京都中央区八丁堀2丁目22-5,"{'lat': 35.6762955, 'lng': 139.7775986}"
"
ファミリーマート 晴海センタービル店
",東京都中央区晴海2丁目5-24晴海センタービル,"{'lat': 35.655394, 'lng': 139.7825862}"
"
ファミリーマート 銀座八丁目店
",東京都中央区銀座8丁目10番17号,"{'lat': 35.6681057, 'lng': 139.7625392}"
"
ファミリーマート 築地市場前店
",東京都中央区築地6丁目22番4号,"{'lat': 35.6641806, 'lng': 139.7718032}"
"
ファミリーマート 八重洲さくら通り店
",東京都中央区日本橋2-3-18,"{'lat': 35.6813526, 'lng': 139.7716761}"
"
ファミリーマート 中央明石町店
",東京都中央区明石町3-3 新明ビル1階,"{'lat': 35.66908370000001, 'lng': 139.7784275}"
"
ファミリーマート 新富町駅前店
",東京都中央区築地2-3-2,"{'lat': 35.6698909, 'lng': 139.7742271}"
"
ファミリーマート 中央月島三丁目店
",東京都中央区月島3丁目12番4号,"{'lat': 35.6622812, 'lng': 139.7814662}"
"
ファミリーマート リバーゲート箱崎店
",東京都中央区日本橋箱崎町36番2号,"{'lat': 35.68040209999999, 'lng': 139.7885623}"
"
ファミリーマート 堀留町二丁目店
",東京都中央区日本橋堀留町2丁目10番12号,"{'lat': 35.6877909, 'lng': 139.7820543}"
"
ファミリーマート 八丁堀四丁目店
",東京都中央区八丁堀4丁目8番7号,"{'lat': 35.6742467, 'lng': 139.7764548}"
"
ファミリーマート 日本橋本町一丁目店
",東京都中央区日本橋本町1丁目5番9号(KDX日本橋本町ビル),"{'lat': 35.6868349, 'lng': 139.7763505}"
"
ファミリーマート 晴海フロント店
",東京都中央区晴海2丁目1番40号晴海フロント1F,"{'lat': 35.65591390000001, 'lng': 139.7839798}"
"
ファミリーマート 銀座昭和通り店
",東京都中央区銀座8丁目15番2,"{'lat': 35.6662859, 'lng': 139.7632558}"
"
ファミリーマート 中央八重洲二丁目店
",東京都中央区八重洲2丁目10番10号,"{'lat': 35.6758123, 'lng': 139.767724}"
"
ファミリーマート 宝町駅前店
",東京都中央区京橋3丁目12番1号,"{'lat': 35.6747222, 'lng': 139.7717923}"
"
ファミリーマート 築地明石町店
",東京都中央区明石町5-13,"{'lat': 35.6681256, 'lng': 139.7779494}"
"
ファミリーマート ファミマ日本橋室町三井タワー店
",東京都中央区日本橋室町3丁目2-1,"{'lat': 35.6878277, 'lng': 139.7725199}"
"
ファミリーマート 銀座七丁目店
",東京都中央区銀座7丁目15-3,"{'lat': 35.6673697, 'lng': 139.7655776}"
"
ファミリーマート 晴海トリトン店
",東京都中央区晴海1丁目8-8,"{'lat': 35.6568339, 'lng': 139.7828192}"
"
ファミリーマート 日本橋浜町Fタワー店
",東京都中央区日本橋浜町3丁目22-1,"{'lat': 35.685585, 'lng': 139.7887122}"
"
ファミリーマート 勝どき駅前店
",東京都中央区勝どき4丁目1-2,"{'lat': 35.65818960000001, 'lng': 139.7768016}"
"
ファミリーマート 銀座みゆき通り店
",東京都中央区銀座5丁目9-13,"{'lat': 35.6699791, 'lng': 139.7648785}"
"
ファミリーマート 築地一丁目店
",東京都中央区築地1丁目10-7,"{'lat': 35.6687729, 'lng': 139.7707592}"
"
ファミリーマート 八重洲二丁目店
",東京都中央区八重洲2丁目5-9,"{'lat': 35.6778026, 'lng': 139.7689505}"
"
ファミリーマート 日本橋三井タワー店
",東京都中央区日本橋室町2丁目1-1,"{'lat': 35.6867956, 'lng': 139.7729814}"
"
ファミリーマート 八重洲呉服橋店
",東京都中央区八重洲1丁目3-19,"{'lat': 35.6829401, 'lng': 139.7710039}"
"
ファミリーマート 銀座柳通り店
",東京都中央区銀座1丁目13-12,"{'lat': 35.673043, 'lng': 139.7691282}"
"
ファミリーマート 銀座松屋通り店
",東京都中央区銀座3丁目10-9,"{'lat': 35.6709393, 'lng': 139.7678195}"
"
ファミリーマート 八丁堀店
",東京都中央区八丁堀4丁目11-10,"{'lat': 35.6740104, 'lng': 139.778419}"
"
ファミリーマート 日本橋浜町二丁目店
",東京都中央区日本橋浜町2丁目35-1,"{'lat': 35.6886251, 'lng': 139.7861533}"
"
ファミリーマート 銀座二丁目店
",東京都中央区銀座2丁目2-2,"{'lat': 35.6749013, 'lng': 139.7659896}"
"
ファミリーマート 日本橋箱崎町店
",東京都中央区日本橋箱崎町32-3,"{'lat': 35.6809295, 'lng': 139.7872115}"
"
ファミリーマート IBM箱崎ビル店
",東京都中央区日本橋箱崎町19-21,"{'lat': 35.6788146, 'lng': 139.787181}"
"
ファミリーマート 新川中央大橋店
",東京都中央区新川2丁目28-1,"{'lat': 35.673478, 'lng': 139.7827631}"
"
ファミリーマート 聖路加ガーデン店
",東京都中央区明石町8-1,"{'lat': 35.6670126, 'lng': 139.778628}"
"
ファミリーマート 日本橋通町店
",東京都中央区日本橋3丁目9-12,"{'lat': 35.6799168, 'lng': 139.7739805}"
"
コミュニティ・ストア 新川 新川一丁目店
",東京都中央区新川1-3-10,"{'lat': 35.6783019, 'lng': 139.7816344}"
"
ミニストップ 東日本橋3丁目店
",東京都中央区東日本橋3-7-1,"{'lat': 35.6909408, 'lng': 139.7842993}"
"
ミニストップ 日本橋馬喰町2丁目店
",東京都中央区日本橋馬喰町2-2-6,"{'lat': 35.6954945, 'lng': 139.7828354}"
"
ミニストップ 日本橋本石町店
",東京都中央区日本橋本石町3-2-4共同ビル日銀前1F,"{'lat': 35.687511, 'lng': 139.7705194}"
"
ミニストップ 新川1丁目店
",東京都中央区新川1丁目25番12号,"{'lat': 35.6762803, 'lng': 139.7845594}"
"
ミニストップ 日本橋蛎殻町店
",東京都中央区日本橋蛎殻町1-28-5,"{'lat': 35.6828568, 'lng': 139.7831552}"
"
ミニストップ 築地2丁目店
",東京都中央区築地2-11-13 ア-バンネット築地第1ビル,"{'lat': 35.6680942, 'lng': 139.7721968}"
"
ミニストップ ピーアーク銀座店
",東京都中央区銀座5丁目12番1,"{'lat': 35.6696507, 'lng': 139.7665058}"
"
ミニストップ 宝町駅前店
",東京都中央区京橋2-13-10,"{'lat': 35.67540109999999, 'lng': 139.772418}"
"
ミニストップ cisca日本橋本町店
",東京都中央区日本橋本町3丁目1番8号,"{'lat': 35.6882531, 'lng': 139.7746266}"
"
セブンイレブン 兜町東証前店
",東京都中央区日本橋兜町6-5,"{'lat': 35.6820666, 'lng': 139.7788736}"
"
セブンイレブン 日本橋TCAT店
",東京都中央区日本橋箱崎町22-1,"{'lat': 35.6815297, 'lng': 139.7862889}"
"
セブンイレブン 日本橋1丁目昭和通り店
",東京都中央区日本橋1-16-11,"{'lat': 35.6823531, 'lng': 139.7765694}"
"
セブンイレブン 小伝馬町駅前店
",東京都中央区日本橋小伝馬町2-4,"{'lat': 35.690363, 'lng': 139.7783518}"
"
セブンイレブン 日本橋蛎殻町店
",東京都中央区日本橋蛎殻町1-16-8,"{'lat': 35.6833574, 'lng': 139.7829031}"
"
セブンイレブン 八重洲柳通り店
",東京都中央区八重洲2-7-7,"{'lat': 35.6772425, 'lng': 139.7685861}"
"
セブンイレブン 築地日刊スポーツ本社店
",東京都中央区築地3丁目5-10,"{'lat': 35.6681251, 'lng': 139.7740636}"
"
セブンイレブン 中央区八丁堀4丁目店
",東京都中央区八丁堀4-3-3,"{'lat': 35.67447629999999, 'lng': 139.7740398}"
"
セブンイレブン 日本橋堀留町2丁目店
",東京都中央区日本橋堀留町2-3-3,"{'lat': 35.6886355, 'lng': 139.7806093}"
"
セブンイレブン 日本橋人形町3丁目店
",東京都中央区日本橋人形町3-1-2,"{'lat': 35.6854953, 'lng': 139.7799266}"
"
セブンイレブン 中央区佃2丁目店
",東京都中央区佃2-10-9,"{'lat': 35.6661309, 'lng': 139.7844453}"
"
セブンイレブン 聖路加タワー店
",東京都中央区明石町8-1,"{'lat': 35.6670126, 'lng': 139.778628}"
"
セブンイレブン 日本橋小網町店
",東京都中央区日本橋小網町1番3号,"{'lat': 35.68121, 'lng': 139.7813963}"
"
セブンイレブン 日本橋人形町2丁目店
",東京都中央区日本橋人形町2丁目26-5,"{'lat': 35.6871326, 'lng': 139.7839295}"
"
セブンイレブン 日本橋馬喰町店
",東京都中央区日本橋馬喰町1-10-11,"{'lat': 35.6941419, 'lng': 139.7829538}"
"
セブンイレブン 東日本橋3丁目店
",東京都中央区東日本橋3-4-7,"{'lat': 35.6912782, 'lng': 139.7832207}"
"
セブンイレブン 中央区新川2丁目店
",東京都中央区新川2-12-6,"{'lat': 35.6752974, 'lng': 139.7818993}"
"
セブンイレブン 勝どきグロウスタウン店
",東京都中央区勝どき1-3-3,"{'lat': 35.6607626, 'lng': 139.7769579}"
"
セブンイレブン 東京住友ツインビル西館店
",東京都中央区新川2-27-2,"{'lat': 35.6742508, 'lng': 139.7843206}"
"
セブンイレブン 中央区新川1丁目店
",東京都中央区新川1丁目21-5,"{'lat': 35.6769702, 'lng': 139.7859599}"
"
セブンイレブン 歌舞伎座店
",東京都中央区銀座4丁目12-15,"{'lat': 35.6696428, 'lng': 139.7680739}"
"
セブンイレブン 中央区入船3丁目店
",東京都中央区入船3丁目1-13,"{'lat': 35.6712608, 'lng': 139.7757987}"
"
セブンイレブン 銀座7丁目店
",東京都中央区銀座7-2-22,"{'lat': 35.6710303, 'lng': 139.7604611}"
"
セブンイレブン 日本橋久松町店
",東京都中央区日本橋久松町10-6,"{'lat': 35.6894326, 'lng': 139.7849638}"
"
セブンイレブン 日本橋小伝馬町店
",東京都中央区日本橋小伝馬町10-11,"{'lat': 35.6913538, 'lng': 139.7790279}"
"
セブンイレブン 月島駅前店
",東京都中央区月島1-5-2,"{'lat': 35.6641109, 'lng': 139.7835548}"
"
セブンイレブン TCAT2階店
",東京都中央区日本橋箱崎町42-1,"{'lat': 35.6822719, 'lng': 139.7879338}"
"
セブンイレブン 銀座地下街店
",東京都中央区銀座5-4-3,"{'lat': 35.6719607, 'lng': 139.7635559}"
"
セブンイレブン ベイシティ晴海店
",東京都中央区晴海3-6-8,"{'lat': 35.6556604, 'lng': 139.778697}"
"
セブンイレブン 銀座8丁目店
",東京都中央区銀座8-5-12,"{'lat': 35.6684512, 'lng': 139.7598918}"
"
セブンイレブン 銀座3丁目店
",東京都中央区銀座3-15-10,"{'lat': 35.6697138, 'lng': 139.7694675}"
"
セブンイレブン 勝どき駅前店
",東京都中央区勝どき1丁目8番1号,"{'lat': 35.65962, 'lng': 139.7768843}"
"
セブンイレブン 銀座7丁目東店
",東京都中央区銀座7-15-5,"{'lat': 35.66712649999999, 'lng': 139.76519}"
"
セブンイレブン 日本橋3丁目店
",東京都中央区日本橋3-4-13,"{'lat': 35.6799074, 'lng': 139.7710642}"
"
セブンイレブン 常盤橋店
",東京都中央区日本橋本石町1-2-1,"{'lat': 35.6849589, 'lng': 139.7717851}"
"
セブンイレブン 日本橋室町4丁目店
",東京都中央区日本橋室町4-3-13,"{'lat': 35.6894655, 'lng': 139.7723549}"
"
セブンイレブン 中央区役所前店
",東京都中央区新富2-2-8,"{'lat': 35.6714675, 'lng': 139.7725414}"
"
セブンイレブン 銀座2丁目店
",東京都中央区銀座2-15-2,"{'lat': 35.6714776, 'lng': 139.7709107}"
"
セブンイレブン 築地7丁目店
",東京都中央区築地7-8-10,"{'lat': 35.6662506, 'lng': 139.7745846}"
"
セブンイレブン 八丁堀2丁目店
",東京都中央区八丁堀2-10-9,"{'lat': 35.6761909, 'lng': 139.775676}"
"
セブンイレブン 日本橋茅場町2丁目店
",東京都中央区日本橋茅場町2-9-5,"{'lat': 35.678674, 'lng': 139.7790694}"
"
セブンイレブン 日本橋本町1丁目店
",東京都中央区日本橋本町1-9-13,"{'lat': 35.6851718, 'lng': 139.7775723}"
"
セブンイレブン 東日本橋駅前店
",東京都中央区東日本橋3-11-9,"{'lat': 35.6922162, 'lng': 139.7846261}"
"
セブンイレブン 日本橋浜町店
",東京都中央区日本橋蛎殻町2-14-4,"{'lat': 35.6846354, 'lng': 139.7866862}"
"
セブンイレブン 日本橋横山町店
",東京都中央区日本橋横山町10-9,"{'lat': 35.6944996, 'lng': 139.7849782}"
"
セブンイレブン 中央区築地2丁目店
",東京都中央区築地2-7-12,"{'lat': 35.6698386, 'lng': 139.7726937}"
"
セブンイレブン 銀座1丁目店
",東京都中央区銀座1-26-1,"{'lat': 35.6736987, 'lng': 139.772037}"
"
セブンイレブン 日本橋兜町店
",東京都中央区日本橋兜町15-13,"{'lat': 35.6793613, 'lng': 139.7763027}"
"
セブンイレブン 銀座1丁目中央店
",東京都中央区銀座1-10-6,"{'lat': 35.6735325, 'lng': 139.7689929}"
"
セブンイレブン 中央区月島1丁目店
",東京都中央区月島1-2-13,"{'lat': 35.6656094, 'lng': 139.7829268}"
"
セブンイレブン 中央区新川1永代通店
",東京都中央区新川1-16-4,"{'lat': 35.6774095, 'lng': 139.7840655}"
"
セブンイレブン 勝どき5丁目店
",東京都中央区勝どき5丁目3-2,"{'lat': 35.656267, 'lng': 139.7727219}"
"
セブンイレブン 日本橋本町3丁目店
",東京都中央区日本橋本町3-7-2,"{'lat': 35.6891275, 'lng': 139.7763466}"
"
セブンイレブン KOYOがんセンター中央病院店
",東京都中央区築地5-1-1,"{'lat': 35.66500449999999, 'lng': 139.7675829}"
"
セブンイレブン 京橋エドグランフロアスリー店
",東京都中央区京橋2-2-1,"{'lat': 35.677464, 'lng': 139.7694431}"
"
セブンイレブン 晴海トリトンスクエア店
",東京都中央区晴海1-8-16,"{'lat': 35.6573718, 'lng': 139.7827814}"
"
セブンイレブン 銀座通り口店
",東京都中央区銀座1-2-4,"{'lat': 35.6749708, 'lng': 139.7685388}"
"
セブンイレブン 中央区明石町店
",東京都中央区明石町2-1,"{'lat': 35.6693377, 'lng': 139.7773451}"
"
セブンイレブン 銀座7丁目中央店
",東京都中央区銀座7丁目12-9,"{'lat': 35.6678696, 'lng': 139.7635768}"
"
セブンイレブン 銀座6丁目中央店
",東京都中央区銀座6丁目12番13号,"{'lat': 35.6690238, 'lng': 139.7644705}"
"
セブンイレブン 日本橋2丁目店
",東京都中央区日本橋2丁目3-21,"{'lat': 35.6815571, 'lng': 139.7716545}"
"
セブンイレブン AIM太陽生命日本橋ビル店
",東京都中央区日本橋2丁目11番2号,"{'lat': 35.680412, 'lng': 139.7744407}"
"
セブンイレブン 日本橋室町3丁目店
",東京都中央区日本橋室町3丁目4番2,"{'lat': 35.6884358, 'lng': 139.7732295}"
"
セブンイレブン 馬喰町駅前店
",東京都中央区日本橋馬喰町1丁目5-8,"{'lat': 35.6926281, 'lng': 139.7818636}"
"
セブンイレブン 晴海3丁目店
",東京都中央区晴海3-12-1,"{'lat': 35.6546403, 'lng': 139.7786}"
"
セブンイレブン 歌舞伎座タワー店
",東京都中央区銀座4-12-15,"{'lat': 35.6696428, 'lng': 139.7680739}"
"
セブンイレブン 茅場町駅前店
",東京都中央区日本橋茅場町1-9-2,"{'lat': 35.6799638, 'lng': 139.7794913}"
"
セブンイレブン 人形町駅西店
",東京都中央区日本橋人形町1丁目3-6,"{'lat': 35.6854632, 'lng': 139.7808879}"
"
セブンイレブン 馬喰横山駅前店
",東京都中央区東日本橋3-6-11,"{'lat': 35.6908219, 'lng': 139.7838374}"
"
セブンイレブン 京橋駅前店
",東京都中央区京橋2丁目6-21,"{'lat': 35.6768755, 'lng': 139.7705168}"
"
セブンイレブン 中央区湊1丁目店
",東京都中央区湊1丁目12,"{'lat': 35.6719372, 'lng': 139.7806244}"
"
セブンイレブン 水天宮前店
",東京都中央区日本橋蛎殻町1丁目38-9,"{'lat': 35.6831818, 'lng': 139.7847647}"
"
セブンイレブン KOYO聖路加国際病院店
",東京都中央区明石町9-1,"{'lat': 35.6673088, 'lng': 139.7772975}"
"
セブンイレブン 晴海2丁目店
",東京都中央区晴海2丁目2-2-42,"{'lat': 35.6571228, 'lng': 139.7878946}"
"
デイリーヤマザキ 日本橋堀留町店
",東京都中央区日本橋堀留町1-2-16,"{'lat': 35.6878799, 'lng': 139.7788698}"
"
デイリーヤマザキ コレド室町店
",東京都中央区日本橋室町1-5-5コレド室町3地下1階,"{'lat': 35.6861329, 'lng': 139.7744603}"
"
デイリーヤマザキ 日本橋室町店
",東京都中央区日本橋室町1-13-4,"{'lat': 35.6863605, 'lng': 139.7747855}"
"
デイリーヤマザキ 日本橋室町1丁目店
",東京都中央区日本橋室町1-10-8,"{'lat': 35.6853458, 'lng': 139.7758409}"
"
デイリーヤマザキ 日本生命日本橋ビル店
",東京都中央区日本橋2-13-12,"{'lat': 35.6806587, 'lng': 139.7756399}"
"
デイリーヤマザキ 馬喰横山駅前店
",東京都中央区日本橋横山町5-2,"{'lat': 35.6922126, 'lng': 139.7829669}"
"
デイリーヤマザキ 清杉通り店
",東京都中央区東日本橋2-7-1,"{'lat': 35.6929176, 'lng': 139.7852612}"
